insert into person (first_name, last_name, reg_date, birth_date, e_mail, phone, password, city, country) values
    ('Test', 'Test', '1649367846500', '1649367846000', 'test@mail.ru', '+7(111)1111111',
     '$2a$10$2bACTJ0LEKT8E36hgAu.x./IrdIe7B5S08K5vwQ2FHmZ/DoEJ1RLS', 'Saratov', 'Russia'),
    ('Ivan', 'Ivanov', '1649367846500', '1649367846000', 'ivanov@mail.ru', '+7(999)9999999',
     '$2a$10$2bACTJ0LEKT8E36hgAu.x./IrdIe7B5S08K5vwQ2FHmZ/DoEJ1RLS', 'Tver', 'Russia'),
    ('Petr', 'Petrov', '1649367846500', '1649367846000', 'petrov@mail.ru', '+7(999)9999999',
     '$2a$10$2bACTJ0LEKT8E36hgAu.x./IrdIe7B5S08K5vwQ2FHmZ/DoEJ1RLS', 'Kaliningrad', 'Russia'),
    ('Tihon', 'Tihonov', '1649367846500', '1649367846000', 'tihonov@mail.ru', '+7(999)9999999',
     '$2a$10$2bACTJ0LEKT8E36hgAu.x./IrdIe7B5S08K5vwQ2FHmZ/DoEJ1RLS', 'Perm', 'Russia'),
    ('Ilya', 'Ilin', '1649367846500', '1649367846000', 'ilin@mail.ru', '+7(999)9999999',
     '$2a$10$2bACTJ0LEKT8E36hgAu.x./IrdIe7B5S08K5vwQ2FHmZ/DoEJ1RLS', 'Tbilisi', 'Georgia'),
    ('Onufriy', 'Onufriev', '1649367846500', '1649367846000', 'onufriy@mail.ru', '+7(999)9999999',
     '$2a$10$2bACTJ0LEKT8E36hgAu.x./IrdIe7B5S08K5vwQ2FHmZ/DoEJ1RLS', 'Alma-Ata', 'Kazakhstan'),
    ('Onufriy', 'Testoviy', '1649367846500', '1649367846000', 'onufriy1@mail.ru', '+7(999)9999999',
    '$2a$10$2bACTJ0LEKT8E36hgAu.x./IrdIe7B5S08K5vwQ2FHmZ/DoEJ1RLS', 'Alma-Ata', 'Kazakhstan'),
    ('Eduard', 'Eduardov', '1649367846500', '1649367846000', 'ivanov@mail.ru', '+7(999)9999999',
     '$2a$10$2bACTJ0LEKT8E36hgAu.x./IrdIe7B5S08K5vwQ2FHmZ/DoEJ1RLS', 'Tver', 'Russia'),
    ('Kirill', 'Kirilov', '1649367846500', '1649367846000', 'kirilov@mail.ru', '+7(999)9999999',
    '$2a$10$2bACTJ0LEKT8E36hgAu.x./IrdIe7B5S08K5vwQ2FHmZ/DoEJ1RLS', 'Tver', 'Russia'),
    ('John', 'Jonson', '1649367846500', '1649367846000', 'jonson@mail.ru', '+7(999)9999999',
    '$2a$10$2bACTJ0LEKT8E36hgAu.x./IrdIe7B5S08K5vwQ2FHmZ/DoEJ1RLS', 'Tver', 'Russia');

insert into post (time, author, title, post_text, is_blocked, likes) values
    ('1649367846501', 1, 'test title example', 'test post text example', 'false', 2),
    ('1649367846502', 2, 'ivan title example', 'ivan post text example', 'false', 1),
    ('1649367846503', 3, 'petr title example', 'petr post text example', 'false', 1),
    ('1649367846504', 4, 'tihon title example', 'tihon post text example', 'false', 1),
    ('1649367846505', 5, 'ilya title example', 'ilya post text example', 'false', 1),
    ('1649367846506', 2, 'ivan title example2', 'ivan post text example2', 'false', 0);

insert into post_like (time, person_id, post_id) values
    ('1649367846501', 1, 1),
    ('1649367846501', 1, 2),
    ('1649367846501', 1, 3),
    ('1649367846501', 1, 4),
    ('1649367846501', 2, 1);

insert into tag (tag) values ('top15'), ('java'), ('code'), ('true_story'), ('spring'), ('core'), ('bootstrap');

insert into post2tag (post_id, tag_id) values
    (1, 1),
    (1, 2),
    (1, 3),
    (1, 4),
    (1, 5),
    (1, 6),
    (1, 7),
    (6, 2);

INSERT INTO message (time, author_id, recipient_id, message_text, read_status, dialog_id) values
    ('1649367846503', 2, 1, 'test', 'SENT', 1),
    ('1649367846503', 2, 1, 'test1', 'SENT', 1),
    ('1649367846505', 1, 2, 'hae', 'SENT', 1),
    ('1649367846503', 3, 1, 'test2', 'SENT', 2),
    ('1649367846503', 4, 1, 'test3', 'SENT', 3),
    ('1649367846503', 5, 1, 'test4', 'READ', 4),
    ('1649367846503', 5, 1, 'test5', 'READ', 4),
    ('1649367846503', 6, 1, 'test6', 'SENT', 5),
    ('1649367846503', 6, 1, 'test7', 'SENT', 5);

INSERT INTO dialog (dialog_id, author_id, recipient_id) values
    (1, 1, 2), (1, 2, 1), (2, 3, 1), (2, 1, 3), (3, 4, 1),
    (3, 1, 4), (4, 5, 1), (4, 1, 5), (5, 6, 1), (5, 1, 6);

insert into post_comment (time, post_id, author_id, comment_text, is_blocked) values
    ('1649367846508', 1, 5, 'test title example', false),
    ('1649367846508', 3, 6, 'ivan title example', false),
    ('1649367846508', 3, 1, 'petr title example', false),
    ('1649367846508', 4, 5, 'tihon title example', false),
    ('1649367846508', 5, 2, 'ilya title example', false),
    ('1649367846508', 6, 3, 'onufriy title example', false),
    ('1649367846508', 6, 5, 'test title example 2', false),
    ('1649367846508', 3, 4, 'ivan title example 2', false),
    ('1649367846508', 3, 2, 'petr title example 2', false),
    ('1649367846508', 3, 1, 'tihon title example 2', false);

insert into post_comment (time, post_id, author_id, comment_text, is_blocked, parent_id) values
    ('1649367846508', 1, 5, 'test title example', false, 1),
    ('1649367846508', 1, 6, 'ivan title example', false, 1),
    ('1649367846508', 1, 1, 'petr title example', false, 1),
    ('1649367846508', 1, 5, 'tihon title example', false, 1),
    ('1649367846508', 1, 2, 'ilya title example', false, 1),
    ('1649367846508', 1, 3, 'onufriy title example', false, 1),
    ('1649367846508', 1, 5, 'test title example 2', false, 1),
    ('1649367846508', 1, 4, 'ivan title example 2', false, 1),
    ('1649367846508', 1, 2, 'petr title example 2', false, 1),
    ('1649367846508', 1, 1, 'tihon title example 2', false, 1);

insert into friendship (time, code, src_person_id, dst_person_id) values
   ('1653834211034', 'FRIEND', 1, 5),
   ('1653834026780', 'FRIEND', 1, 2),
   ('1653834026780', 'REQUEST', 3, 1),
   ('1653834026780', 'REQUEST', 6, 1),
   ('1653834026780', 'BLOCKED', 7, 1),
   ('1653834026780', 'REQUEST', 1, 8),
   ('1653834026780', 'FRIEND', 9, 1);

insert into notification_settings (person_id, type, enable) values
    ( 1, 'POST', 'true'),
    ( 1, 'POST_COMMENT', 'true'),
    ( 1, 'COMMENT_COMMENT', 'true'),
    ( 1, 'FRIEND_REQUEST', 'true'),
    ( 1, 'MESSAGE', 'true'),
	( 1, 'FRIEND_BIRTHDAY', 'true'),
    ( 2, 'POST', 'true'),
    ( 2, 'POST_COMMENT', 'true'),
    ( 2, 'COMMENT_COMMENT', 'true'),
    ( 2, 'FRIEND_REQUEST', 'true'),
	( 2, 'FRIEND_BIRTHDAY', 'true'),
    ( 2, 'MESSAGE', 'true'),
	( 3, 'POST', 'true'),
    ( 3, 'POST_COMMENT', 'true'),
    ( 3, 'COMMENT_COMMENT', 'true'),
    ( 3, 'FRIEND_REQUEST', 'true'),
    ( 3, 'MESSAGE', 'true'),
	( 3, 'FRIEND_BIRTHDAY', 'true'),
    ( 4, 'POST', 'true'),
    ( 4, 'POST_COMMENT', 'true'),
    ( 4, 'COMMENT_COMMENT', 'true'),
    ( 4, 'FRIEND_REQUEST', 'true'),
	( 4, 'FRIEND_BIRTHDAY', 'true'),
    ( 4, 'MESSAGE', 'true'),
	( 5, 'POST', 'true'),
    ( 5, 'POST_COMMENT', 'true'),
    ( 5, 'COMMENT_COMMENT', 'true'),
    ( 5, 'FRIEND_REQUEST', 'true'),
    ( 5, 'MESSAGE', 'true'),
	( 5, 'FRIEND_BIRTHDAY', 'true'),
    ( 6, 'POST', 'true'),
    ( 6, 'POST_COMMENT', 'true'),
    ( 6, 'COMMENT_COMMENT', 'true'),
    ( 6, 'FRIEND_REQUEST', 'true'),
	( 6, 'FRIEND_BIRTHDAY', 'true'),
    ( 6, 'MESSAGE', 'true'),
	( 7, 'POST', 'true'),
    ( 7, 'POST_COMMENT', 'true'),
    ( 7, 'COMMENT_COMMENT', 'true'),
    ( 7, 'FRIEND_REQUEST', 'true'),
    ( 7, 'MESSAGE', 'true'),
	( 7, 'FRIEND_BIRTHDAY', 'true'),
    ( 8, 'POST', 'true'),
    ( 8, 'POST_COMMENT', 'true'),
    ( 8, 'COMMENT_COMMENT', 'true'),
    ( 8, 'FRIEND_REQUEST', 'true'),
	( 8, 'FRIEND_BIRTHDAY', 'true'),
    ( 8, 'MESSAGE', 'true');

insert into notification (notification_type, sent_time, person_id, entity_id, dist_user_id, status, title) values
 (cast('POST' as notification_code_type), 1649367846501, 1, 1, 2, cast('SENT' as read_status_type), 'test title example'),
 (CAST('POST' AS notification_code_type), 1649367846502, 2, 2, 1, CAST('SENT' AS read_status_type), 'ivan title example');